username,comments,unique_subs,activity_rate
bhanorthstand,493,12,41.083333333333336
Joma913,468,12,39.0
BTCHODLR,446,12,37.166666666666664
AfterAnAutopsy,446,12,37.166666666666664
mymomhasanxietytoday,441,12,36.75
Yorae0,477,13,36.69230769230769
wolverine_wannabe,440,12,36.666666666666664
CallousInternetMan,439,12,36.583333333333336
Soul_Modal,472,13,36.30769230769231
PlutoniumRooster,434,12,36.166666666666664
